{
  "index.html": 1742714947799,
  "test/integration/pages/TasksObjectPage.js": 1742714948747,
  "test/integration/pages/TodoListsList.js": 1742714948627,
  "test/integration/pages/TodoListsObjectPage.js": 1742714948627,
  "test/integration/opaTests.qunit.js": 1742714948507,
  "test/integration/FirstJourney.js": 1742714948855,
  "test/testsuite.qunit.js": 1742714948459,
  "xs-app.json": 1742715046432,
  "manifest.json": 1742715047140,
  "Component.js": 1742714947795,
  "Component-dbg.js": 1742714947795,
  "Component.js.map": 1742715080586,
  "test/integration/pages/TodoListsList-dbg.js": 1742714948627,
  "test/integration/pages/TodoListsList.js.map": 1742715080585,
  "test/integration/pages/TodoListsObjectPage-dbg.js": 1742714948627,
  "test/integration/pages/TodoListsObjectPage.js.map": 1742715080586,
  "test/integration/opaTests.qunit-dbg.js": 1742714948507,
  "test/integration/opaTests.qunit.js.map": 1742715080600,
  "test/integration/FirstJourney-dbg.js": 1742714948855,
  "test/integration/FirstJourney.js.map": 1742715080590,
  "test/testsuite.qunit-dbg.js": 1742714948459,
  "test/testsuite.qunit.js.map": 1742715080588,
  "test/integration/pages/TasksObjectPage-dbg.js": 1742714948747,
  "test/integration/pages/TasksObjectPage.js.map": 1742715080588,
  "Component-preload.js": 1742715080701,
  "Component-preload.js.map": 1742715080701,
  "test/integration/opaTests.qunit.html": 1742714948507,
  "test/testsuite.qunit.html": 1742714948403,
  "test/flpSandbox.html": 1742714948403,
  "i18n/i18n.properties": 1742714953439
}